{
  "kind": "collectionType",
  "collectionName": "departments",
  "info": {
    "singularName": "department",
    "pluralName": "departments",
    "displayName": "Department",
    "description": ""
  },
  "options": {
    "draftAndPublish": false
  },
  "pluginOptions": {},
  "attributes": {
    "name": {
      "type": "string",
      "required": false,
      "unique": false
    },
    "description": {
      "type": "text"
    },
    "address": {
      "type": "string"
    },
    "contact": {
      "type": "integer"
    },
    "users_permissions_user": {
      "type": "relation",
      "relation": "manyToOne",
      "target": "plugin::users-permissions.user",
      "inversedBy": "departments"
    },
    "services": {
      "type": "relation",
      "relation": "oneToMany",
      "target": "api::service.service",
      "mappedBy": "department"
    }
  }
}
