{
  "paths": {
    "/email": {
      "post": {
        "responses": {
          "200": {
            "description": "OK",
            "content": {
              "application/json": {
                "schema": {
                  "properties": {
                    "data": {
                      "type": "object",
                      "properties": {
                        "id": {
                          "type": "string"
                        },
                        "attributes": {
                          "type": "object",
                          "properties": {
                            "foo": {
                              "type": "string"
                            }
                          }
                        }
                      }
                    },
                    "meta": {
                      "type": "object"
                    }
                  }
                }
              }
            }
          },
          "400": {
            "description": "Bad Request",
            "content": {
              "application/json": {
                "schema": {
                  "type": "object",
                  "required": [
                    "error"
                  ],
                  "properties": {
                    "error": {
                      "type": "object",
                      "properties": {
                        "status": {
                          "type": "integer"
                        },
                        "name": {
                          "type": "string"
                        },
                        "message": {
                          "type": "string"
                        }
                      }
                    }
                  }
                }
              }
            }
          },
          "401": {
            "description": "Unauthorized",
            "content": {
              "application/json": {
                "schema": {
                  "type": "object",
                  "required": [
                    "error"
                  ],
                  "properties": {
                    "error": {
                      "type": "object",
                      "properties": {
                        "status": {
                          "type": "integer"
                        },
                        "name": {
                          "type": "string"
                        },
                        "message": {
                          "type": "string"
                        }
                      }
                    }
                  }
                }
              }
            }
          },
          "403": {
            "description": "Forbidden",
            "content": {
              "application/json": {
                "schema": {
                  "type": "object",
                  "required": [
                    "error"
                  ],
                  "properties": {
                    "error": {
                      "type": "object",
                      "properties": {
                        "status": {
                          "type": "integer"
                        },
                        "name": {
                          "type": "string"
                        },
                        "message": {
                          "type": "string"
                        }
                      }
                    }
                  }
                }
              }
            }
          },
          "404": {
            "description": "Not Found",
            "content": {
              "application/json": {
                "schema": {
                  "type": "object",
                  "required": [
                    "error"
                  ],
                  "properties": {
                    "error": {
                      "type": "object",
                      "properties": {
                        "status": {
                          "type": "integer"
                        },
                        "name": {
                          "type": "string"
                        },
                        "message": {
                          "type": "string"
                        }
                      }
                    }
                  }
                }
              }
            }
          },
          "500": {
            "description": "Internal Server Error",
            "content": {
              "application/json": {
                "schema": {
                  "type": "object",
                  "required": [
                    "error"
                  ],
                  "properties": {
                    "error": {
                      "type": "object",
                      "properties": {
                        "status": {
                          "type": "integer"
                        },
                        "name": {
                          "type": "string"
                        },
                        "message": {
                          "type": "string"
                        }
                      }
                    }
                  }
                }
              }
            }
          }
        },
        "tags": [
          "Email"
        ],
        "parameters": [],
        "operationId": "post/email",
        "requestBody": {
          "required": true,
          "content": {
            "application/json": {
              "schema": {
                "properties": {
                  "data": {
                    "type": "object",
                    "properties": {
                      "foo": {
                        "type": "string"
                      }
                    }
                  }
                }
              }
            }
          }
        }
      }
    },
    "/email/test": {
      "post": {
        "responses": {
          "200": {
            "description": "OK",
            "content": {
              "application/json": {
                "schema": {
                  "properties": {
                    "data": {
                      "type": "object",
                      "properties": {
                        "id": {
                          "type": "string"
                        },
                        "attributes": {
                          "type": "object",
                          "properties": {
                            "foo": {
                              "type": "string"
                            }
                          }
                        }
                      }
                    },
                    "meta": {
                      "type": "object"
                    }
                  }
                }
              }
            }
          },
          "400": {
            "description": "Bad Request",
            "content": {
              "application/json": {
                "schema": {
                  "type": "object",
                  "required": [
                    "error"
                  ],
                  "properties": {
                    "error": {
                      "type": "object",
                      "properties": {
                        "status": {
                          "type": "integer"
                        },
                        "name": {
                          "type": "string"
                        },
                        "message": {
                          "type": "string"
                        }
                      }
                    }
                  }
                }
              }
            }
          },
          "401": {
            "description": "Unauthorized",
            "content": {
              "application/json": {
                "schema": {
                  "type": "object",
                  "required": [
                    "error"
                  ],
                  "properties": {
                    "error": {
                      "type": "object",
                      "properties": {
                        "status": {
                          "type": "integer"
                        },
                        "name": {
                          "type": "string"
                        },
                        "message": {
                          "type": "string"
                        }
                      }
                    }
                  }
                }
              }
            }
          },
          "403": {
            "description": "Forbidden",
            "content": {
              "application/json": {
                "schema": {
                  "type": "object",
                  "required": [
                    "error"
                  ],
                  "properties": {
                    "error": {
                      "type": "object",
                      "properties": {
                        "status": {
                          "type": "integer"
                        },
                        "name": {
                          "type": "string"
                        },
                        "message": {
                          "type": "string"
                        }
                      }
                    }
                  }
                }
              }
            }
          },
          "404": {
            "description": "Not Found",
            "content": {
              "application/json": {
                "schema": {
                  "type": "object",
                  "required": [
                    "error"
                  ],
                  "properties": {
                    "error": {
                      "type": "object",
                      "properties": {
                        "status": {
                          "type": "integer"
                        },
                        "name": {
                          "type": "string"
                        },
                        "message": {
                          "type": "string"
                        }
                      }
                    }
                  }
                }
              }
            }
          },
          "500": {
            "description": "Internal Server Error",
            "content": {
              "application/json": {
                "schema": {
                  "type": "object",
                  "required": [
                    "error"
                  ],
                  "properties": {
                    "error": {
                      "type": "object",
                      "properties": {
                        "status": {
                          "type": "integer"
                        },
                        "name": {
                          "type": "string"
                        },
                        "message": {
                          "type": "string"
                        }
                      }
                    }
                  }
                }
              }
            }
          }
        },
        "tags": [
          "Email"
        ],
        "parameters": [],
        "operationId": "post/email/test",
        "requestBody": {
          "required": true,
          "content": {
            "application/json": {
              "schema": {
                "properties": {
                  "data": {
                    "type": "object",
                    "properties": {
                      "foo": {
                        "type": "string"
                      }
                    }
                  }
                }
              }
            }
          }
        }
      }
    },
    "/email/settings": {
      "get": {
        "responses": {
          "200": {
            "description": "OK",
            "content": {
              "application/json": {
                "schema": {
                  "properties": {
                    "data": {
                      "type": "object",
                      "properties": {
                        "id": {
                          "type": "string"
                        },
                        "attributes": {
                          "type": "object",
                          "properties": {
                            "foo": {
                              "type": "string"
                            }
                          }
                        }
                      }
                    },
                    "meta": {
                      "type": "object"
                    }
                  }
                }
              }
            }
          },
          "400": {
            "description": "Bad Request",
            "content": {
              "application/json": {
                "schema": {
                  "type": "object",
                  "required": [
                    "error"
                  ],
                  "properties": {
                    "error": {
                      "type": "object",
                      "properties": {
                        "status": {
                          "type": "integer"
                        },
                        "name": {
                          "type": "string"
                        },
                        "message": {
                          "type": "string"
                        }
                      }
                    }
                  }
                }
              }
            }
          },
          "401": {
            "description": "Unauthorized",
            "content": {
              "application/json": {
                "schema": {
                  "type": "object",
                  "required": [
                    "error"
                  ],
                  "properties": {
                    "error": {
                      "type": "object",
                      "properties": {
                        "status": {
                          "type": "integer"
                        },
                        "name": {
                          "type": "string"
                        },
                        "message": {
                          "type": "string"
                        }
                      }
                    }
                  }
                }
              }
            }
          },
          "403": {
            "description": "Forbidden",
            "content": {
              "application/json": {
                "schema": {
                  "type": "object",
                  "required": [
                    "error"
                  ],
                  "properties": {
                    "error": {
                      "type": "object",
                      "properties": {
                        "status": {
                          "type": "integer"
                        },
                        "name": {
                          "type": "string"
                        },
                        "message": {
                          "type": "string"
                        }
                      }
                    }
                  }
                }
              }
            }
          },
          "404": {
            "description": "Not Found",
            "content": {
              "application/json": {
                "schema": {
                  "type": "object",
                  "required": [
                    "error"
                  ],
                  "properties": {
                    "error": {
                      "type": "object",
                      "properties": {
                        "status": {
                          "type": "integer"
                        },
                        "name": {
                          "type": "string"
                        },
                        "message": {
                          "type": "string"
                        }
                      }
                    }
                  }
                }
              }
            }
          },
          "500": {
            "description": "Internal Server Error",
            "content": {
              "application/json": {
                "schema": {
                  "type": "object",
                  "required": [
                    "error"
                  ],
                  "properties": {
                    "error": {
                      "type": "object",
                      "properties": {
                        "status": {
                          "type": "integer"
                        },
                        "name": {
                          "type": "string"
                        },
                        "message": {
                          "type": "string"
                        }
                      }
                    }
                  }
                }
              }
            }
          }
        },
        "tags": [
          "Email"
        ],
        "parameters": [],
        "operationId": "get/email/settings"
      }
    }
  }
}
