{
  "kind": "collectionType",
  "collectionName": "tokens",
  "info": {
    "singularName": "token",
    "pluralName": "tokens",
    "displayName": "Token",
    "description": ""
  },
  "options": {
    "draftAndPublish": false
  },
  "pluginOptions": {},
  "attributes": {
    "totaltokens": {
      "type": "integer"
    },
    "singletoken": {
      "type": "integer",
      "default": 1,
      "required": false
    },
    "service": {
      "type": "relation",
      "relation": "manyToOne",
      "target": "api::service.service",
      "inversedBy": "tokens"
    }
  }
}
