{
  "kind": "collectionType",
  "collectionName": "deviceinfos",
  "info": {
    "singularName": "deviceinfo",
    "pluralName": "deviceinfos",
    "displayName": "Deviceinfo",
    "description": ""
  },
  "options": {
    "draftAndPublish": false
  },
  "pluginOptions": {},
  "attributes": {
    "deviceid": {
      "type": "string"
    },
    "fcmtoken": {
      "type": "string"
    },
    "usertoken": {
      "type": "integer"
    },
    "service": {
      "type": "relation",
      "relation": "manyToOne",
      "target": "api::service.service",
      "inversedBy": "deviceinfos"
    }
  }
}
