{
  "kind": "collectionType",
  "collectionName": "services",
  "info": {
    "singularName": "service",
    "pluralName": "services",
    "displayName": "Service",
    "description": ""
  },
  "options": {
    "draftAndPublish": false
  },
  "pluginOptions": {},
  "attributes": {
    "name": {
      "type": "string"
    },
    "tokens": {
      "type": "relation",
      "relation": "oneToMany",
      "target": "api::token.token",
      "mappedBy": "service"
    },
    "department": {
      "type": "relation",
      "relation": "manyToOne",
      "target": "api::department.department",
      "inversedBy": "services"
    },
    "deviceinfos": {
      "type": "relation",
      "relation": "oneToMany",
      "target": "api::deviceinfo.deviceinfo",
      "mappedBy": "service"
    }
  }
}
